code,first_name,second_name,23_id,24_id,25_id,23_position,24_position,25_position,fotmob_id,25_cost
15157,James,Milner,142,134,170,MID,MID,MID,38807,5.0
17761,James,Tarkowski,265,236,291,DEF,DEF,DEF,243138,5.5
18892,Ashley,Young,588,238,,DEF,DEF,,23354,
37096,Lukasz,Fabianski,533,521,,GK,GK,,30973,
37642,Jonny,Evans,703,371,,DEF,DEF,,43248,
39155,Adam,Lallana,138,463,,MID,MID,,37234,
40145,Jack,Cork,163,,,MID,,,46008,
40383,Fraser,Forster,498,488,,GK,GK,,95336,
40386,Chris,Basham,474,,,DEF,,,113772,
40669,Angelo,Ogbonna,577,,,DEF,,,49543,
44683,Jay,Rodriguez,177,,,FWD,,,109491,
45034,Ivan,Perišić,507,,,DEF,,,163670,
47247,John,Fleck,481,,,MID,,,97194,
47431,Willian,Borges da Silva,591,772,,MID,MID,,94086,
48760,Mathias,Jorgensen,121,112,,DEF,DEF,,71908,
49262,Jason,Steele,148,142,138,GK,GK,GK,107917,4.5
49413,James,Tomkins,241,,,DEF,,,109897,
50175,Danny,Welbeck,154,148,178,FWD,FWD,FWD,113836,6.5
51090,Thiago,Emiliano da Silva,217,,,DEF,,,80562,
51927,Ben,Mee,109,100,,DEF,DEF,,240538,
54469,Adam,Smith,84,81,73,DEF,DEF,DEF,160447,4.5
54738,Thomas,Kaminski,614,,,GK,,,131408,
55037,Cheikhou,Kouyaté,451,,,MID,,,148302,
55459,Aaron,Cresswell,530,517,,DEF,DEF,,155782,
55494,Joel,Ward,242,215,,DEF,DEF,,146830,
56983,Matt,Ritchie,425,,,MID,,,155913,
57328,Nathaniel,Clyne,222,196,263,DEF,DEF,DEF,157838,4.0
57531,Michail,Antonio,523,512,,FWD,FWD,,158545,
58376,Alex,McCarthy,,469,,,GK,,119079,
58621,Kyle,Walker,369,363,187,DEF,DEF,DEF,159833,4.5
58822,Cédric,Alves Soares,2,,,DEF,,,160627,
59859,Ilkay,Gündogan,,625,420,,MID,MID,178818,6.5
59949,Seamus,Coleman,247,221,294,DEF,DEF,DEF,77690,4.5
60232,Craig,Dawson,551,542,,DEF,DEF,,169162,
60252,Andros,Townsend,727,,,MID,,,166422,
60307,Pascal,Groß,134,125,,MID,MID,,167008,
60586,Jóhann Berg,Gudmundsson,170,,,MID,,,129915,
60689,Chris,Wood,468,447,525,FWD,FWD,FWD,169719,7.5
60914,Joel,Matip,305,,,DEF,,,171698,
61256,Carlos Henrique,Casimiro,376,368,457,MID,MID,MID,208494,5.5
61366,Kevin,De Bruyne,349,345,,MID,MID,,169200,
61558,Thiago,Alcántara do Nascimento,310,,,MID,,,172949,
67089,Martin,Dubravka,409,396,470,GK,GK,GK,72241,4.0
69752,Norberto,Murara Neto,77,73,66,GK,GK,GK,176186,4.5
74944,Sam,Morsy,,278,,,MID,,185326,
75115,Callum,Wilson,433,421,671,FWD,FWD,FWD,184321,6.0
76357,Tom,Cairney,268,243,331,MID,MID,MID,182962,5.0
77794,Kieran,Trippier,430,418,478,DEF,DEF,DEF,191869,5.0
77818,James,Shea,335,,,GK,,,239759,
78916,Dan,Burn,407,395,476,DEF,DEF,DEF,188058,5.0
79602,Daniel,Bentley,546,536,629,GK,GK,GK,189103,4.0
79934,Oliver,Norwood,488,,,MID,,,210971,
80146,Jordan,Ayew,221,192,,MID,MID,,154280,
80201,Bernd,Leno,275,248,314,GK,GK,GK,215168,5.0
80226,Serge,Aurier,436,,,DEF,,,195299,
80607,Christian,Eriksen,379,370,,MID,MID,,157723,
80801,Idrissa,Gueye,254,222,302,MID,MID,MID,179410,5.5
82143,Wes,Foderingham,482,522,601,GK,GK,GK,212944,4.0
82514,Tim,Ream,281,253,,DEF,DEF,,198444,
82691,George,Baldock,473,,,DEF,,,199494,
82738,Luke,Berry,317,,,MID,,,185349,
83283,Nathan,Redmond,600,,,MID,,,201664,
83299,Lewis,Dunk,129,120,146,DEF,DEF,DEF,201690,4.5
83427,Jack,Robinson,576,,,DEF,,,202181,
84182,Alphonse,Areola,524,513,600,GK,GK,GK,210164,4.5
84583,Philippe,Coutinho Correia,38,,,MID,,,184536,
84939,Danny,Ings,535,523,,FWD,FWD,,214426,
85633,Matz,Sels,808,443,502,GK,GK,GK,181069,5.0
85955,Jorge Luiz,Frello Filho,9,7,,MID,MID,,282775,
85971,Son,Heung-min,516,503,579,MID,MID,MID,212867,8.5
86417,Jeffrey,Schlupp,240,214,,MID,MID,,214570,
87835,Matt,Doherty,598,543,632,DEF,DEF,DEF,239920,4.5
88248,Stefan,Ortega Moreno,361,358,400,GK,GK,GK,276729,5.0
88484,Pablo,Sarabia,570,565,,MID,MID,,240054,
88894,Ross,Barkley,630,29,55,MID,MID,MID,215384,5.0
88900,Jack,Stephens,,472,,,DEF,,215387,
90105,Ryan,Fraser,410,397,,MID,MID,,230916,
90152,Raphaël,Varane,395,,,DEF,,,230982,
90585,Willy,Boly,439,425,514,DEF,DEF,DEF,246331,4.0
91046,Cauley,Woodrow,340,,,FWD,,,282276,
91651,Mateo,Kovačić,356,354,422,MID,MID,MID,239219,6.0
91889,Niclas,Füllkrug,,589,625,,FWD,FWD,276791,6.0
93100,Jannik,Vestergaard,,307,,,DEF,,205893,
93264,Eric,Dier,496,,,DEF,,,361315,
94147,Conor,Coady,,288,,,DEF,,247761,
95463,Danny,Ward,,308,,,GK,,,
95658,Harry,Maguire,387,377,442,DEF,DEF,DEF,255610,4.5
96784,Jordan,Clark,320,,,MID,,,259301,
96994,Bobby,De Cordova-Reid,270,290,,MID,MID,,262550,
97032,Virgil,van Dijk,313,339,373,DEF,DEF,DEF,209405,6.0
97299,John,Stones,368,362,409,DEF,DEF,DEF,263653,5.5
98747,Nick,Pope,424,413,469,GK,GK,GK,280484,5.0
98980,Emiliano,Martínez Romero,49,47,32,GK,GK,GK,268375,5.0
101148,Jamaal,Lascelles,419,407,480,DEF,DEF,DEF,279489,4.5
101178,James,Ward-Prowse,664,531,614,MID,MID,MID,279490,6.0
101184,Calum,Chambers,37,,,DEF,,,425255,
101188,Lucas,Digne,42,36,37,DEF,DEF,DEF,210111,4.5
101668,Jamie,Vardy,,306,,,FWD,,286119,
101982,Sam,Johnstone,230,204,627,GK,GK,GK,280287,4.5
102057,Raúl,Jiménez,558,252,337,FWD,FWD,FWD,292313,6.5
103192,Kurt,Zouma,544,532,,DEF,DEF,,281207,
103914,Charlie,Taylor,178,475,,DEF,DEF,,289137,
103955,Raheem,Sterling,216,186,,MID,MID,,246575,
104047,Pelly Ruddock,Mpanzu,582,,,MID,,,498532,
104542,Loris,Karius,580,,,GK,,,287894,
106468,Alexandre,Moreno Lopera,32,26,43,DEF,DEF,DEF,477588,4.0
106606,Massimo,Luongo,,277,,,MID,,305219,
106611,Michael,Keane,257,228,295,DEF,DEF,DEF,290410,4.5
106618,Paul,Dummett,581,,,DEF,,,308932,
106760,Luke,Shaw,398,387,443,DEF,DEF,DEF,362694,4.5
108053,Conor,Townsend,,583,,,DEF,,295069,
108413,Will,Hughes,229,203,270,MID,MID,MID,295067,5.0
108416,John,Egan,480,,,DEF,,,295062,
108796,Tom,Lockyer,575,,,DEF,,,369761,
108813,Christian,Walton,,283,,,GK,,512013,
109345,Solly,March,140,132,159,MID,MID,MID,416850,6.0
109533,Emerson,Palmieri dos Santos,532,520,604,DEF,DEF,DEF,267371,4.5
109646,Tosin,Adarabioyo,286,187,232,DEF,DEF,DEF,683402,4.5
109745,Kepa,Arrizabalaga,187,152,2,GK,GK,GK,317564,4.5
110504,Bertrand,Traoré,59,,,MID,,,303059,
110735,Adam,Webster,153,147,153,DEF,DEF,DEF,303346,4.5
111234,Jordan,Pickford,263,235,287,GK,GK,GK,303919,5.5
111317,David,Brooks,64,62,86,MID,MID,MID,674014,5.0
111452,Odysseas,Vlachodimos,710,412,472,GK,GK,GK,304355,4.0
111478,Joël,Veltman,151,145,152,DEF,DEF,DEF,304455,4.5
111773,Emil,Krafth,417,405,479,DEF,DEF,DEF,259306,4.5
111782,Robin,Olsen,53,51,,GK,GK,,120569,
111931,Ricardo,Barbosa Pereira,,302,,,DEF,,306128,
112520,Alex,Palmer,,764,,,GK,,643228,
114128,Jonathan,Castro Otto,560,,,DEF,,,360918,
114241,Harry,Toffolo,465,444,,DEF,DEF,,575804,
114243,Jacob,Murphy,423,402,489,MID,MID,MID,521148,6.5
114283,Jack,Grealish,354,349,419,MID,MID,MID,312765,6.5
115382,Neal,Maupay,258,229,,FWD,FWD,,391064,
115556,Ben,Davies,495,484,571,DEF,DEF,DEF,276121,4.5
116216,Leandro,Trossard,26,23,20,MID,MID,MID,318615,7.0
116404,Felipe Augusto,de Almeida Monteiro,445,,,DEF,,,268212,
116535,Alisson,Ramses Becker,291,310,366,GK,GK,GK,319784,5.5
118342,Mark,Flekken,101,91,,GK,GK,,330643,
118748,Mohamed,Salah,308,328,381,MID,MID,MID,292462,14.5
119471,Fabian,Schär,427,415,474,DEF,DEF,DEF,189982,5.5
120250,André,Tavares Gomes,244,,,MID,,,361770,
121160,Ederson,Santana de Moraes,352,347,399,GK,GK,GK,363364,5.5
121599,Abdoulaye,Doucouré,249,217,,MID,MID,,352887,
122411,Cameron,Burgess,,263,,,DEF,,564842,
122798,Andrew,Robertson,307,335,372,DEF,DEF,DEF,357880,6.0
122806,John,McGinn,50,48,54,MID,MID,MID,356406,5.5
126184,Nathan,Aké,342,341,405,DEF,DEF,DEF,417068,5.5
128295,Christian,Nørgaard,110,101,24,MID,MID,MID,266520,5.5
128340,Kieffer,Moore,76,,,FWD,,,469202,
128389,Aleksandar,Mitrović,278,,,FWD,,,351860,
132015,Pierre-Emile,Højbjerg,499,490,,MID,MID,,266523,
135720,Kevin,Danso,,767,570,,DEF,DEF,754126,4.5
138001,Tom,King,564,556,630,GK,GK,GK,,4.0
140200,Thomas,Strakosha,116,,,GK,,,403049,
141746,Bruno,Borges Fernandes,373,366,449,MID,MID,MID,422685,9.0
144485,Ivan,Toney,117,108,,FWD,FWD,,408987,
146941,Aymeric,Laporte,357,,,DEF,,,411617,
147611,Paul,Onuachu,,470,,,FWD,,412357,
148225,Anthony,Martial,390,,,FWD,,,413557,
149065,José,Malheiro de Sá,569,554,628,GK,GK,GK,416175,4.5
149484,Tyrone,Mings,51,49,40,DEF,DEF,DEF,419664,4.5
149519,Maxwel,Cornet,527,515,617,MID,MID,MID,426880,5.0
149929,Wes,Burns,,264,,,MID,,421768,
151086,Mario,Lemina,565,557,,MID,MID,,421786,
151589,Leander,Dendoncker,40,33,61,MID,MID,MID,424129,4.5
152551,Jefferson,Lerma Solís,231,206,272,MID,MID,MID,466672,5.0
152760,Divock,Origi,714,,,FWD,,,426202,
153133,Alex,Iwobi,256,247,324,MID,MID,MID,604785,6.5
153256,Mohamed,Elneny,3,,,MID,,,339992,
153366,Harrison,Reed,282,254,336,MID,MID,MID,502420,4.5
153682,Harry,Wilson,288,259,329,MID,MID,MID,494417,5.5
154048,Stephy,Mavididi,,298,,,MID,,759580,
154296,João,Palhinha Gonçalves,280,,673,MID,,MID,524434,5.5
154561,David,Raya Martin,113,15,1,GK,GK,GK,562727,5.5
154566,Dominic,Solanke,85,82,596,FWD,FWD,FWD,591734,7.5
155197,Max,Lowe,484,,,DEF,,,492589,
155405,Kalvin,Phillips,364,359,429,MID,MID,MID,609755,5.0
155408,Lewis,Cook,66,64,88,MID,MID,MID,562724,5.0
155511,Adam,Armstrong,,453,,,FWD,,519835,
156658,Reece,Burke,318,,,DEF,,,570760,
156685,Joe,Rothwell,81,,,MID,,,613182,
156689,Andreas,Hoelgebaum Pereira,267,240,327,MID,MID,MID,575779,5.5
156700,Carlton,Morris,326,,,FWD,,,562725,
157668,Harry,Winks,,309,,,MID,,528453,
158499,Ryan,Christie,65,63,87,MID,MID,MID,439369,5.0
158534,Kyle,Walker-Peters,,476,659,,DEF,DEF,734042,4.5
158983,Wataru,Endo,668,320,392,MID,MID,MID,202643,5.0
159506,Olu,Aina,604,422,507,DEF,DEF,DEF,682548,5.0
159533,Adama,Traoré,662,239,326,MID,MID,MID,493647,5.5
164555,Vladimír,Coufal,528,516,,DEF,DEF,,307317,
165153,Timo,Werner,776,509,,FWD,MID,,450980,
165183,Amari'i,Bell,316,,,DEF,,,471271,
165659,Diego Carlos,Santos Silva,41,35,,DEF,DEF,,570434,
165809,Bernardo,Veiga de Carvalho e Silva,344,342,416,MID,MID,MID,488139,6.5
166477,Timothy,Castagne,688,244,319,DEF,DEF,DEF,465750,4.5
166989,Youri,Tielemans,58,57,48,MID,MID,MID,465960,6.0
167074,Kenny,Tete,285,257,322,DEF,DEF,DEF,469804,4.5
167191,Marcus,Myers-Harness,,271,,,MID,,,
167199,Thomas,Partey,15,20,,MID,MID,,434325,
167878,Ben,Osborn,489,,,MID,,,511032,
167888,Joe,Lumley,,466,,,GK,,574448,
168035,Fred,Onyedinma,329,,,MID,,,515999,
168090,Mahmoud,Dahoud,128,119,,MID,MID,,469701,
168281,Scott,McKenna,455,,,DEF,,,551805,
168636,Enes,Ünal,804,65,98,FWD,FWD,FWD,464486,5.5
168991,Philip,Billing,63,76,89,MID,MID,MID,532743,5.0
169187,Trent,Alexander-Arnold,290,311,,DEF,DEF,,760712,
169359,Matt,Targett,428,416,484,DEF,DEF,DEF,538112,4.0
169432,Oliver,McBurnie,485,,,FWD,,,509151,
169528,Antonee,Robinson,283,255,316,DEF,DEF,DEF,662428,5.0
169593,Remi,Matthews,233,209,255,GK,GK,GK,562726,4.0
171101,Clément,Lenglet,699,,,DEF,,,488412,
171287,Joe,Gomez,298,322,376,DEF,DEF,DEF,568571,5.0
171314,Rúben,Gato Alves Dias,350,361,408,DEF,DEF,DEF,614006,5.5
171771,Jan,Bednarek,,455,,,DEF,,490868,
172453,Sam,Szmodics,,611,,,MID,,491827,
172567,Josh,Cullen,165,,205,MID,,MID,623716,5.0
172649,Dean,Henderson,385,201,253,GK,GK,GK,719330,5.0
172780,James,Maddison,504,494,581,MID,MID,MID,493165,7.0
172782,Josh,Brownhill,161,,,MID,,,494597,
172841,Saïd,Benrahma,525,,,MID,,,491883,
172850,Ben,Chilwell,195,160,,DEF,DEF,,672469,
172912,Sofyan,Amrabat,709,,,MID,,,593116,
173268,Ivo,Grbic,790,,,GK,,,539546,
173807,Tom,Davies,666,,,MID,,,742405,
173818,Nathan,Broadhead,,262,,,MID,,760329,
173904,Davinson,Sánchez,512,,,DEF,,,643533,
173954,Jairo,Riedewald,239,,,MID,,,496563,
174292,Marco,Asensio,,762,,,MID,,498033,
174310,Elijah,Adebayo,314,,,FWD,,,873237,
174874,Joachim,Andersen,220,191,317,DEF,DEF,DEF,503659,4.5
176297,Marcus,Rashford,396,385,451,MID,MID,MID,696365,7.0
177815,Dominic,Calvert-Lewin,246,220,,FWD,FWD,,612150,
178186,Jarrod,Bowen,526,514,624,MID,MID,FWD,523825,8.0
178301,Ollie,Watkins,60,58,64,FWD,FWD,FWD,540088,9.0
179018,Miguel,Almirón Rejala,402,391,,MID,MID,,442277,
179268,Marc,Cucurella Saseta,198,163,224,DEF,DEF,DEF,873289,6.0
179458,Jacob,Bruun Larsen,608,,202,MID,,MID,655575,5.5
179519,Orel,Mangala,453,651,,MID,MID,,765693,
180135,Sean,Longstaff,421,410,493,MID,MID,MID,820024,5.0
180184,Donny,van de Beek,400,,,MID,,,612836,
180736,Trevoh,Chalobah,194,159,226,DEF,DEF,DEF,793907,5.0
180804,Axel,Tuanzebe,,282,198,,DEF,DEF,690149,4.0
180974,Joelinton Cássio,Apolinário de Lira,416,403,490,MID,MID,MID,535936,6.0
181284,Gonçalo Manuel,Ganchinho Guedes,554,548,647,MID,MID,MID,536455,5.5
183656,Josh,Dasilva,99,90,,MID,MID,,759566,
183751,Manuel Benson,Hedilazio,159,,201,MID,,MID,536457,5.5
184029,Martin,Ødegaard,14,13,17,MID,MID,MID,534670,8.0
184254,Guglielmo,Vicario,520,508,565,GK,GK,GK,538501,5.0
184341,Mason,Mount,209,382,455,MID,MID,MID,750032,6.0
184349,Ryan,Sessegnon,514,579,328,DEF,DEF,MID,773991,5.5
184386,James,Bree,,457,,,DEF,,539939,
184667,Victor,Lindelöf,386,376,,DEF,DEF,,258269,
184704,Marvelous,Nakamba,52,,,MID,,,541330,
184754,Hwang,Hee-chan,557,550,642,MID,MID,MID,620026,6.0
191866,Kristoffer,Ajer,90,86,108,DEF,DEF,DEF,552718,4.5
192290,Connor,Roberts,176,,186,DEF,,DEF,484878,4.5
192895,Kieran,Tierney,24,21,,DEF,DEF,,582499,
193204,Joe,Aribo,,452,,,MID,,798659,
194010,Rico,Henry,103,92,109,DEF,DEF,DEF,562892,4.5
194164,Mason,Holgate,255,225,,DEF,DEF,,603329,
194634,Diogo,Teixeira da Silva,294,317,,MID,MID,,570461,
195384,Mikel,Merino,,633,22,,MID,MID,574645,6.0
195473,Rhian,Brewster,477,,,FWD,,,841150,
195546,Emiliano,Buendía Stati,35,31,50,MID,MID,MID,610184,5.5
195851,Scott,McTominay,392,381,,MID,MID,,843099,
196100,Gustavo,Hamer,663,,,MID,,,775355,
196411,Conor,Chaplin,,265,,,MID,,605647,
197024,Guido,Rodríguez,,588,618,,MID,MID,586768,5.0
197469,Hamza,Choudhury,,287,,,MID,,,
198826,Ben,Godfrey,252,715,,DEF,DEF,,662936,
198869,Benjamin,White,29,24,11,DEF,DEF,DEF,776151,5.5
199056,Gabriel,Osho,330,,,DEF,,,789509,
199170,Moussa,Niakhaté,457,,,DEF,,,592102,
199249,Sergio,Reguilón,508,496,,DEF,DEF,,724436,
199670,Odsonne,Edouard,225,198,285,FWD,FWD,FWD,637746,5.0
199796,Matty,Cash,36,32,36,DEF,DEF,DEF,729731,4.5
199798,Ezri,Konsa Ngoyo,48,44,38,DEF,DEF,DEF,710159,4.5
200089,Joe,Willock,432,420,494,MID,MID,MID,860975,5.0
200402,Nélson,Cabral Semedo,572,559,,DEF,DEF,,470834,
200600,Daniel,Castelo Podence,568,562,,MID,MID,,,
200641,Reiss,Nelson,578,10,27,MID,MID,MID,748382,5.0
200720,Caoimhin,Kelleher,301,325,101,GK,GK,GK,776689,4.5
200785,Tyler,Adams,673,60,85,MID,MID,MID,729769,5.0
200826,Giovani,Lo Celso,503,493,,MID,MID,,604126,
201057,Thilo,Kehrer,537,,,DEF,,,604088,
201410,Auston,Trusty,27,,,DEF,,,688271,
201658,Marcus,Tavernier,86,83,84,MID,MID,MID,789630,5.5
201666,Harvey,Barnes,603,392,487,MID,MID,MID,760359,6.5
202641,André,Onana,597,383,432,GK,GK,GK,611491,5.0
202993,Rodrigo,Bentancur,492,480,585,MID,MID,MID,620618,5.5
203341,Wilfred,Ndidi,,300,,,MID,,533228,
204214,Pervis,Estupiñán,131,122,147,DEF,DEF,DEF,688278,4.5
204480,Declan,Rice,540,16,21,MID,MID,MID,654096,6.5
204580,Vitaly,Janelt,105,94,125,MID,MID,MID,688273,5.0
204646,Donyell,Malen,,725,53,,MID,MID,660301,5.5
204716,Ibrahima,Konaté,302,326,374,DEF,DEF,DEF,820140,5.5
204814,Ben,Brereton,775,584,,MID,MID,,820581,
204863,Ryan,Manning,,467,,,DEF,,435513,
204968,Ryan,Yates,470,449,522,MID,MID,MID,775614,5.0
205533,Eddie,Nketiah,13,11,284,FWD,FWD,FWD,860920,5.5
205651,Gabriel,Fernando de Jesus,8,2,31,FWD,FWD,FWD,576165,6.5
205836,Saman,Ghoddos,701,,,MID,,,532220,
206325,Oleksandr,Zinchenko,31,25,12,DEF,DEF,DEF,623621,5.0
206915,Curtis,Jones,300,324,388,MID,MID,MID,933768,5.5
207189,Sander,Berge,475,622,330,MID,MID,MID,540963,5.0
207283,Mathias,Jensen,106,95,126,MID,MID,MID,650616,5.0
208706,Bruno,Guimarães Rodriguez Moura,406,394,488,MID,MID,MID,850354,6.5
208904,Mads Juel,Andersen,315,,,DEF,,,630953,
208912,Joe,Worrall,469,448,199,DEF,DEF,DEF,716687,4.0
209036,Marc,Guéhi,228,200,260,DEF,DEF,DEF,844425,4.5
209042,Oliver,Skipp,515,501,,MID,MID,,873014,
209046,Callum,Hudson-Odoi,205,434,516,MID,MID,MID,846383,6.0
209243,Jadon,Sancho,397,386,456,MID,MID,MID,846381,6.0
209244,Phil,Foden,353,348,414,MID,MID,MID,815006,8.0
209289,Emile,Smith Rowe,22,19,325,MID,MID,MID,889534,6.0
209293,Daiki,Hashioka,798,,,DEF,,,878296,
209365,Matthijs,de Ligt,,593,436,,DEF,DEF,769895,5.0
209400,Daichi,Kamada,,205,271,,MID,MID,621515,5.0
210156,Taiwo,Awoniyi,437,424,527,FWD,FWD,FWD,643717,5.5
210462,Ibrahim,Sangaré,713,442,521,MID,MID,MID,795371,5.0
210494,Nayef,Aguerd,522,529,607,DEF,DEF,DEF,617310,4.5
211975,Manuel,Akanji,341,340,404,DEF,DEF,DEF,521318,5.5
212314,Saša,Lukić,276,249,332,MID,MID,MID,556972,5.0
212319,Richarlison,de Andrade,509,497,597,MID,FWD,FWD,654908,6.5
213198,Christopher,Nkunku,212,181,240,FWD,MID,MID,704523,6.0
213999,Edson,Álvarez Velázquez,642,511,616,MID,MID,MID,783505,5.0
214048,Max,Kilman,563,524,605,DEF,DEF,DEF,865931,4.5
214285,Konstantinos,Tsimikas,311,337,377,DEF,DEF,DEF,671529,5.0
214466,Will,Smallbone,,471,,,MID,,807925,
214572,Brandon,Austin,491,479,566,GK,GK,GK,,4.0
214590,Aaron,Wan-Bissaka,401,388,610,DEF,DEF,DEF,760320,4.5
214964,George,Edmundson,,269,,,DEF,,,
215059,Robert,Sánchez,145,185,220,GK,GK,GK,789571,5.0
215136,Neco,Williams,467,437,508,DEF,DEF,DEF,1078788,5.0
215379,Elliot,Anderson,403,423,517,MID,MID,MID,1089691,5.5
215413,Kiernan,Dewsbury-Hall,,166,242,,MID,MID,886016,5.0
215439,Tomáš,Souček,542,530,613,MID,MID,MID,524437,6.0
215531,Ionuț,Radu,607,,,GK,,,681213,
215711,Leon,Bailey,34,28,49,MID,MID,MID,671331,5.5
216051,Diogo,Dalot Teixeira,377,369,440,DEF,DEF,DEF,751550,4.5
216616,Dara,O'Shea,173,630,,DEF,DEF,,789578,
216646,Yoane,Wissa,119,110,135,FWD,FWD,FWD,666857,7.5
217593,Pablo,Fornals Malla,534,,,MID,,,683450,
218218,Wout,Faes,,291,,,DEF,,693678,
218430,Gonzalo,Montiel,679,,,DEF,,,687008,
219168,Alexander,Isak,415,401,499,FWD,FWD,FWD,690107,10.5
219249,Matt,O'Riley,,629,164,,MID,MID,866686,5.5
219279,Sugawara,Yukinari,,474,,,DEF,,924610,
219847,Kai,Havertz,6,4,30,MID,FWD,FWD,749736,7.5
219924,Issa,Diop,271,245,320,DEF,DEF,DEF,696443,4.5
220237,Sven,Botman,405,393,475,DEF,DEF,DEF,956682,5.0
220307,Arnaut,Danjuma Groeneveld,601,,,MID,,,704151,
220362,Axel,Disasi,611,167,,DEF,DEF,,696646,
220394,Tommy,Doyle,351,544,,MID,MID,,940442,
220566,Rodrigo,Hernandez,365,360,421,MID,MID,MID,675088,6.5
220583,Luke,Woolfenden,,284,,,DEF,,866688,
220585,Flynn,Downes,531,518,,MID,MID,,844943,
220598,Michael,Obafemi,174,,219,FWD,,FWD,817720,4.5
220627,James,Justin,,295,,,DEF,,710158,
220695,Paris,Maghoma,,674,132,,MID,MID,,4.5
221399,Jack,Harrison,661,224,352,MID,MID,MID,751649,5.5
221466,Marcos,Senesi,83,79,72,DEF,DEF,DEF,785411,4.5
221632,Cristian,Romero,511,498,569,DEF,DEF,DEF,789066,5.0
221820,Lisandro,Martínez,391,380,437,DEF,DEF,DEF,847983,5.0
222018,Ben,Johnson,536,275,,DEF,DEF,,770267,
222531,Morgan,Gibbs-White,447,433,515,MID,MID,MID,789502,7.5
222625,George,Hirst,,272,,,FWD,,750033,
222677,Tahith,Chong,586,,,MID,,,751066,
222683,Justin,Kluivert,72,71,81,MID,MID,MID,794253,7.0
222690,Tyrell,Malacia,389,379,448,DEF,DEF,DEF,865118,4.0
223094,Erling,Haaland,355,351,430,FWD,FWD,FWD,737066,14.0
223340,Bukayo,Saka,19,17,16,MID,MID,MID,961995,10.0
223434,Igor Julio,dos Santos de Paulo,606,128,149,DEF,DEF,DEF,768331,4.5
223541,Federico,Chiesa,,636,385,,MID,MID,784510,6.5
223723,Takehiro,Tomiyasu,25,22,,DEF,DEF,,664444,
223911,Chris,Mepham,75,72,79,DEF,DEF,DEF,819762,4.0
224024,Lucas,Tolentino Coelho de Lima,539,527,612,MID,MID,MID,766435,6.0
224068,Matt,Turner,28,445,504,GK,GK,GK,729988,4.0
224860,Carlos,Soler,,654,,,MID,,708890,
224967,Vitalii,Mykolenko,260,231,292,DEF,DEF,DEF,874025,5.0
224995,Luis,Sinisterra,705,80,91,MID,MID,MID,846369,5.0
225321,Aaron,Ramsdale,17,14,674,GK,GK,GK,746395,5.0
225796,Reece,James,206,172,225,DEF,DEF,DEF,807729,5.5
225897,Fodé,Ballo-Touré,707,,,DEF,,,800520,
225902,Boubakary,Soumaré,,285,,,MID,,882401,
226182,Jayden,Bogle,476,,342,DEF,,DEF,789646,4.5
226597,Gabriel,dos Santos Magalhães,5,3,5,DEF,DEF,DEF,795179,6.0
226944,Boubacar,Kamara,47,42,58,MID,MID,MID,816325,5.0
226956,Mads,Roerslev Rasmussen,114,105,112,DEF,DEF,DEF,803343,4.5
227127,Yves,Bissouma,493,482,587,MID,MID,MID,724306,5.5
227444,Nikola,Milenković,,573,505,,DEF,DEF,766611,5.5
229164,Chiedozie,Ogbene,328,632,,FWD,MID,,674009,
229384,Andy,Irving,,576,621,,MID,MID,863359,4.5
229600,Mark,Travers,88,84,288,GK,GK,GK,731855,4.5
230001,Noussair,Mazraoui,,594,438,,DEF,DEF,775539,5.0
230046,Douglas Luiz,Soares de Paulo,43,,,MID,,,787350,
230348,Ross,Stewart,,473,,,FWD,,776159,
231057,Jean-Ricner,Bellegarde,715,535,644,MID,MID,MID,769166,5.5
231065,Ethan,Pinnock,112,104,111,DEF,DEF,DEF,711357,4.5
231416,Ferdi,Kadioglu,,628,148,,DEF,DEF,774448,4.5
231480,Santiago,Bueno,697,564,636,DEF,DEF,DEF,848034,4.5
231747,Jean-Philippe,Mateta,232,207,283,FWD,FWD,FWD,706297,7.5
231899,Jack,Taylor,,281,,,MID,,789507,
232112,Manuel,Ugarte,,652,459,,MID,MID,1035614,5.0
232185,Ismaïla,Sarr,,585,267,,MID,MID,771294,6.5
232228,Harry,Clarke,,266,,,DEF,,1086712,
232351,Ryan,Giles,553,,,DEF,,,933635,
232413,Eberechi,Eze,226,199,266,MID,MID,MID,818975,7.5
232653,Jacob,Ramsey,55,53,52,MID,MID,MID,1021929,5.5
232787,Conor,Gallagher,202,169,,MID,MID,,966027,
232792,Tariq,Lamptey,139,131,150,DEF,DEF,DEF,955139,4.5
232826,Anthony,Gordon,412,398,485,MID,MID,MID,906937,7.5
232859,Djed,Spence,517,504,573,DEF,DEF,DEF,894803,4.5
232892,Calvin,Bassey,610,241,318,DEF,DEF,DEF,877401,4.5
232917,Arijanet,Muric,172,568,,GK,GK,,760752,
232928,James,Garner,250,223,303,MID,MID,MID,950474,5.0
232980,Max,Aarons,643,59,,DEF,DEF,,956621,
233821,Anel,Ahmedhodžić,471,,,DEF,,,793820,
233963,Konstantinos,Mavropanos,676,528,606,DEF,DEF,DEF,719219,4.5
235530,Lloyd,Kelly,70,404,,DEF,DEF,,819215,
235674,Manor,Solomon,583,502,589,MID,MID,MID,822237,5.5
241157,Emerson,Leite de Souza Junior,497,487,,DEF,DEF,,797908,
241231,Jordan,Beyer,160,,194,DEF,,DEF,861447,4.0
242453,Jacob,Brown,631,,,FWD,,,802245,
242880,Benoît,Badiashile,191,153,229,DEF,DEF,DEF,955376,4.5
242898,Brennan,Johnson,450,491,580,MID,MID,MID,1076756,7.0
243016,Alexis,Mac Allister,304,329,386,MID,MID,MID,831489,6.5
243298,Cody,Gakpo,297,321,384,FWD,FWD,MID,806552,7.5
243505,Jakub,Moder,144,137,,MID,MID,,891855,
243557,Moussa,Diaby,599,34,,MID,MID,,923498,
243568,Billy,Gilmour,133,124,,MID,MID,,942549,
243571,Nathan,Patterson,262,234,296,DEF,DEF,DEF,1112684,4.5
244042,Rodrigo,Muniz Carvalho,279,251,338,FWD,FWD,FWD,1128945,5.5
244262,Alfie,Doughty,321,,,DEF,,,956169,
244619,Luke,Thomas,693,305,,DEF,DEF,,916332,
244723,Tyrick,Mitchell,234,210,258,DEF,DEF,DEF,1120224,5.0
244731,Luis,Díaz,303,327,383,MID,MID,MID,860914,8.0
244845,Nathan,Wood-Gordon,,477,,,DEF,,953859,
244850,Morgan,Rogers,803,54,47,MID,MID,MID,883080,7.0
244851,Cole,Palmer,362,182,235,MID,MID,MID,1096353,10.5
244856,Teden,Mengi,393,,,DEF,,,1098780,
244858,Fábio,Freitas Gouveia Carvalho,,314,123,,MID,MID,963965,5.0
244954,Pau,Torres,584,52,41,DEF,DEF,DEF,792645,4.5
245414,Nicolò,Zaniolo,672,,,MID,,,818893,
245419,Patson,Daka,,289,,,FWD,,644459,
245719,Taylor,Harwood-Bellis,,461,,,DEF,,966021,
245824,Carlos Vinícius,Alves Morais,287,258,,FWD,FWD,,866201,
246301,Jorge,Cuenca Barreno,,586,321,,DEF,DEF,821728,4.5
247245,Hannes,Delcroix,674,,188,DEF,,DEF,822716,4.0
247348,Daniel,Muñoz,792,211,256,DEF,DEF,DEF,859282,5.5
247412,Jørgen,Strand Larsen,,566,654,,FWD,FWD,821100,6.5
247632,Pedro,Lomba Neto,567,560,236,MID,MID,MID,843040,7.0
248857,Noni,Madueke,208,177,18,MID,MID,MID,1084981,7.0
248859,Amadou,Diallo,738,,,MID,,,1118477,
248875,Jérémy,Doku,678,346,418,MID,MID,MID,942368,6.5
249231,Keane,Lewis-Potter,107,98,107,MID,MID,DEF,1010426,5.0
250199,Nicolás,Domínguez,712,431,519,MID,MID,MID,827315,5.0
424001,Vini,de Souza Costa,638,,,MID,,,1047671,
424044,Hamed,Traorè,87,67,93,MID,MID,MID,875672,4.5
424876,Dominik,Szoboszlai,309,336,387,MID,MID,MID,846005,6.5
427420,Giovanni,Reyna,801,,,MID,,,1071179,
427623,Chris,Richards,238,194,261,DEF,DEF,DEF,950829,4.5
428399,João,Félix Sequeira,,621,,,MID,,794427,
428580,Frank,Onyeka,111,102,128,MID,MID,MID,856685,5.0
429414,Sasa,Kalajdzic,562,555,656,FWD,FWD,FWD,858198,5.0
430871,Matheus,Santos Carneiro Da Cunha,590,541,450,FWD,FWD,MID,863098,8.0
430992,Owen,Beck,782,,,DEF,,,1107628,
432160,Shandon,Baptiste,92,,,MID,,,865131,
432422,Sandro,Tonali,429,417,491,MID,MID,MID,867414,5.5
432714,James,McAtee,360,357,426,MID,MID,MID,1107648,5.5
432720,James,Trafford,596,,182,GK,,GK,1187213,5.0
432830,Nathan,Collins,96,88,106,DEF,DEF,DEF,961306,5.0
432987,Vítezslav,Jaros,,660,,,GK,,,
432990,Yasser,Larouci,592,,,DEF,,,1068902,
433154,Dwight,McNeil,259,230,300,MID,MID,MID,939542,6.0
433312,Marshall,Munetsi,,770,648,,MID,MID,786580,5.5
433979,Cameron,Archer,33,27,,FWD,FWD,,1086647,
435973,Lyle,Foster,168,,217,FWD,,FWD,881500,5.0
436234,Bryan,Gil Salvatierra,494,483,590,MID,MID,MID,970692,5.0
436680,Jakub,Stolarczyk,,304,,,GK,,1096327,
436893,Julián,Araujo Zúñiga,,592,78,,DEF,DEF,1027447,4.0
437468,Sergio,Gómez,366,,,DEF,,,844477,
437499,Maxence,Lacroix,,650,257,,DEF,DEF,950485,5.0
437626,Nuno,Varela Tavares,23,,,DEF,,,957118,
437730,Antoine,Semenyo,82,78,82,FWD,MID,MID,933576,7.0
437742,Albert,Sambi Lokonga,21,,29,MID,,MID,901495,4.5
437748,Mike,Trésor,706,,214,MID,,MID,963983,4.5
437757,Han-Noah,Massengo,694,,,MID,,,978680,
438098,Fábio,Ferreira Vieira,4,1,23,MID,MID,MID,1025462,5.5
438234,Omar,Marmoush,,755,413,,FWD,MID,839204,8.5
438464,Cheick,Doucouré,223,193,268,MID,MID,MID,951954,5.0
439135,Eiran,Cashin,,763,154,,DEF,DEF,,4.0
440089,Mikkel,Damsgaard,98,89,121,MID,MID,MID,888912,6.0
440323,Armando,Broja,193,156,,FWD,FWD,,1077975,
440854,Jakub,Kiwior,10,8,9,DEF,DEF,DEF,1021834,5.5
440993,Iliman,Ndiaye,486,232,299,FWD,FWD,MID,965764,6.5
441164,Pedro,Porro,506,495,568,DEF,DEF,DEF,941573,5.5
441191,Tino,Livramento,633,409,477,DEF,DEF,DEF,1107910,5.0
441192,Jeremy,Sarmiento Morante,146,141,171,MID,MID,MID,,5.0
441240,Romain,Faivre,799,66,92,MID,MID,MID,904021,4.5
441266,Ryan,Gravenberch,708,323,390,MID,MID,MID,956683,5.5
441302,Ian,Maatsen,609,45,39,MID,DEF,DEF,966026,4.5
441428,Jarell,Quansah,626,333,,DEF,DEF,,1107620,
441455,Victor,da Silva,182,,,DEF,,,905498,
443211,Rhys,Norrington-Davies,487,,,DEF,,,914132,
443261,Jack,Clarke,,631,,,MID,,914402,
443661,Michael,Olise,236,,,MID,,,1029063,
444102,Francisco Evanilson,de Lima Barbosa,,617,97,,FWD,FWD,1098096,7.0
444145,Gabriel,Martinelli Silva,12,9,19,MID,MID,MID,1021586,7.0
444180,Jaidon,Anthony,62,61,200,MID,MID,MID,1171140,5.5
444463,Wesley,Fofana,201,189,230,DEF,DEF,DEF,917802,4.5
444765,Sepp,van den Berg,312,338,113,DEF,DEF,DEF,919435,4.5
444884,Harvey,Elliott,295,319,389,MID,MID,MID,963964,5.5
445044,Dejan,Kulusevski,501,492,583,MID,MID,MID,935379,6.5
445122,Jurriën,Timber,585,6,8,DEF,DEF,DEF,942381,5.5
445548,Odeluga,Offiah,845,139,,DEF,DEF,,1190030,
446008,Bryan,Mbeumo,108,99,119,MID,MID,MID,923312,8.0
447203,Darwin,Núñez Ribeiro,293,316,397,FWD,FWD,FWD,950561,6.5
447715,Aaron,Ramsey,675,,211,MID,,MID,1113670,4.5
448047,Enzo,Fernández,199,168,237,MID,MID,MID,1137705,6.5
448089,João Victor,Gomes da Silva,559,553,646,MID,MID,MID,1174672,5.5
448514,Rayan,Aït-Nouri,545,533,402,DEF,DEF,DEF,933845,6.0
449429,Jacob,Greaves,,270,,,DEF,,1079103,
449434,Anthony,Elanga,378,432,486,MID,MID,MID,1050166,7.0
449871,Amadou,Onana,261,233,59,MID,MID,MID,1185748,5.0
449988,Fábio,Silva,552,545,655,FWD,FWD,FWD,1050158,5.0
450070,Crysencio,Summerville,,587,615,,MID,MID,941213,5.5
450539,Myles,Peart-Harris,744,103,133,MID,MID,MID,1113813,4.5
450542,Jesurun,Rak-Sakyi,657,213,278,MID,MID,MID,1226789,4.5
451302,Altay,Bayindir,695,367,431,GK,GK,GK,866967,5.0
451340,Kaoru,Mitoma,143,136,157,MID,MID,MID,862608,6.5
454667,Jens,Cajuste,,619,,,MID,,801120,
455084,Leif,Davis,,267,,,DEF,,980381,
457569,Đorđe,Petrović,687,183,67,GK,GK,GK,1067256,4.5
458249,Joshua,Zirkzee,,389,466,,FWD,FWD,950830,6.0
460028,Levi,Colwill,197,162,227,DEF,DEF,DEF,1096400,5.0
460842,Mohammed,Kudus,689,525,582,MID,MID,MID,891743,6.5
461025,Nathan,Butler-Oyedeji,,665,,,FWD,,,
461358,Julián,Álvarez,343,352,,FWD,FWD,,974753,
461416,Thomas,Cannon,649,286,,FWD,FWD,,1113736,
461421,Lewis,Dobbin,624,37,57,MID,MID,MID,1098752,5.0
461446,Tyler,Onyango,650,,,MID,,,1109489,
461453,Lewis,Warrington,841,,,MID,,,1113906,
461484,Joe,White,794,419,498,MID,MID,MID,1089689,4.5
461587,Kasey,McAteer,,299,,,MID,,1113915,
461682,Brandon,Aguilera Zamora,434,,,MID,,,1021336,
462116,Jean-Clair,Todibo,,591,609,,DEF,DEF,955214,4.5
462387,Ali,Al-Hamadi,,260,,,FWD,,,
462424,William,Saliba,20,18,6,DEF,DEF,DEF,955406,6.0
463034,Liam,Delap,,268,250,,FWD,FWD,1113903,6.5
463067,Georginio,Rutter,,618,158,,MID,MID,956925,6.0
463212,Carlos Roberto,Forbs Borges,,655,,,MID,,1186529,
463903,Jesper,Lindstrøm,,577,,,MID,,958335,
463981,James,Hill,69,68,77,DEF,DEF,DEF,959407,4.0
465351,Matheus Luiz,Nunes,566,356,407,MID,MID,DEF,955529,5.5
465390,Kaine,Kesler-Hayden,793,43,,DEF,DEF,,1089686,
465527,Hannibal,Mejbri,383,373,207,MID,MID,MID,1113785,5.0
465607,Anssumane,Fati Vieira,700,,,MID,,,1086012,
465694,Nico,González,,765,423,,MID,MID,1280132,6.0
465920,Mykhailo,Mudryk,210,179,245,MID,MID,MID,976506,5.0
466075,Riccardo,Calafiori,,578,7,,DEF,DEF,1105912,5.5
466117,Naouirou,Ahamada,219,190,275,MID,MID,MID,1192854,4.5
466404,Andrew,Omobamidele,711,440,,DEF,DEF,,1050822,
467169,Antony Matheus,dos Santos,372,365,454,MID,MID,MID,967622,6.0
467189,Mads,Hermansen,,293,,,GK,,967941,
467779,Mats,Wieffer,,149,173,,MID,MID,970243,5.0
469142,Jan Paul,van Hecke,150,144,151,DEF,DEF,DEF,974618,4.5
472713,Aaron,Hickey,104,93,116,DEF,DEF,DEF,1002039,4.0
472769,Nico,O'Reilly,,607,411,,MID,DEF,1300526,5.0
473341,Caleb,Okoli,,301,,,DEF,,1006676,
474120,Julio,Enciso,130,121,161,MID,MID,MID,1073742,5.5
475168,João Pedro,Junqueira de Jesus,135,129,249,FWD,FWD,FWD,1021382,7.5
475480,Benicio,Baker-Boaitey,742,114,,MID,MID,,1516021,
476344,Jhon,Durán,44,38,,FWD,FWD,,1088066,
476369,Issa,Kaboré,602,626,,DEF,DEF,,1099974,
476502,Boubacar,Traoré,574,534,649,MID,MID,MID,1054122,5.0
477064,Rico,Lewis,358,355,410,DEF,DEF,DEF,1288450,5.0
477386,Armel,Bella-Kotchap,,456,,,DEF,,951765,
477424,Joško,Gvardiol,616,350,403,DEF,DEF,DEF,1070712,6.0
477555,Oscar,Bobb,345,343,424,MID,MID,MID,1113790,5.5
477580,Illia,Zabarnyi,89,85,71,DEF,DEF,DEF,1140003,5.0
477717,Maxime,Esteve,806,,191,DEF,,DEF,1250443,4.0
478912,Carney,Chukwuemeka,196,161,,MID,MID,,1089685,
478969,Hjalmar,Ekdal,167,,190,DEF,,DEF,831044,4.0
480455,Jarrad,Branthwaite,245,219,290,DEF,DEF,DEF,1030829,5.5
481510,Victor,Kristiansen,,296,,,DEF,,1211437,
481624,Jaden,Philogene-Bidace,54,569,,MID,MID,,1089645,
482442,Pape Matar,Sarr,513,499,593,MID,MID,MID,1107280,5.0
482609,Malo,Gusto,203,171,228,DEF,DEF,DEF,1197250,5.0
483081,Rodrigo,Martins Gomes,,563,635,,MID,DEF,1192166,4.5
485047,Felipe,Rodrigues da Silva,,653,511,,DEF,DEF,1487909,4.5
485055,Antonín,Kinsky,,716,567,,GK,GK,1341475,4.0
486385,Norberto Bercique,Gomes Betuncal,691,218,311,FWD,FWD,FWD,1079485,5.5
486672,Moisés,Caicedo Corozo,126,157,241,MID,MID,MID,1137668,5.5
487053,Destiny,Udogie,519,505,574,DEF,DEF,DEF,1052898,4.5
487117,Evan,Ferguson,132,123,179,FWD,FWD,FWD,1068482,5.5
487702,Luca,Koleosho,605,,208,MID,,MID,1368318,5.0
487828,Omari,Forson,632,,,MID,,,1190023,
487836,Antwoine,Hackford,656,,,FWD,,,1182933,
487837,Divin,Mubama,538,698,,FWD,FWD,,1203658,
487838,Lewis,Hall,204,399,473,DEF,DEF,DEF,1197655,5.5
487968,Ameen,Al-Dakhil,157,,,DEF,,,1279764,
488404,Facundo,Pellistri Rebollo,394,384,,MID,MID,,1073402,
488439,Woyo,Coulibaly,,726,,,DEF,,,
489639,Bart,Verbruggen,152,146,139,GK,GK,GK,1131987,4.5
489706,Justin,Devenny,,645,276,,MID,MID,1336751,4.5
490094,Tim,Iroegbunam,46,226,304,MID,MID,MID,1203512,5.0
490145,Dane,Scarlett,640,500,599,FWD,FWD,FWD,1113753,4.5
490146,Jay,Stansfield,651,256,,FWD,FWD,,,
490150,Michael,Ndiweni,745,,,FWD,,,1188060,
490503,Samuel,Edozie,,459,,,MID,,,
490721,Hugo,Bueno López,548,549,633,DEF,DEF,DEF,1116391,4.5
490881,Toby,Collyer,826,613,460,MID,MID,MID,1421810,4.5
490885,George,Earthy,829,519,620,MID,MID,MID,1211806,4.5
491012,Youssef,Ramalho Chermiti,645,237,312,FWD,FWD,FWD,1356310,5.0
491279,Micky,van de Ven,639,506,575,DEF,DEF,DEF,1097466,4.5
491501,James,McConnell,629,330,394,MID,MID,MID,1231075,4.5
491970,Bobby,Clark,627,315,,MID,MID,,1296625,
492777,Conor,Bradley,757,313,375,DEF,DEF,DEF,1113690,5.0
492831,Zeki,Amdouni,594,,216,FWD,,FWD,1067168,5.0
493105,Alejandro,Garnacho,382,372,453,MID,MID,MID,1203665,6.5
493125,Radu,Dragusin,777,486,572,DEF,DEF,DEF,1203661,4.5
493250,Amad,Diallo,371,364,452,MID,MID,MID,1070052,6.5
494779,Albert,Grønbæk,,734,,,MID,,,
495024,Jay,Robinson,,798,,,FWD,,,
496178,Roman,Dixon,,627,297,,DEF,DEF,,4.0
496185,Kaide,Gordon,783,,,MID,,,1211648,
496208,Ben,Doak,628,318,391,MID,MID,MID,1324871,5.0
496221,Adam,Wharton,807,216,273,MID,MID,MID,1296650,5.0
496661,Tyler,Dibling,,608,,,MID,,1292833,
497606,Tawanda,Chirewa,750,538,650,MID,MID,MID,1111392,4.5
497894,Rasmus,Højlund,617,375,465,FWD,FWD,FWD,1199272,6.5
499169,Myles,Lewis-Skelly,764,597,10,MID,MID,DEF,1406436,5.5
499175,Ethan,Nwaneri,772,12,25,MID,MID,MID,1254234,5.5
499309,Marc,Guiu Paz,,178,252,,FWD,FWD,,4.5
499717,Jayden,Meghoma,,649,118,,DEF,DEF,1574106,4.0
499721,Mikey,Moore,860,610,592,MID,MID,MID,1407250,5.0
499724,Samuel,Amo-Ameyaw,,451,,,MID,,,
500016,Welington Damascena,Santos,,718,,,DEF,,1118192,
500058,Jayden,Danns,824,709,398,FWD,FWD,FWD,1416696,4.5
500926,Ronnie,Edwards,,460,,,DEF,,,
501284,Michael,Olakigbe,620,,,MID,,,1130797,
501837,Yerson,Mosquera,788,558,634,DEF,DEF,DEF,1200657,4.5
502222,Ramón,Sosa,,620,,,MID,,1132960,
502500,Igor Thiago,Nascimento Rodrigues,,107,136,,FWD,FWD,768331,6.0
502697,Carlos,Alcaraz Durán,,450,301,,MID,MID,1128965,5.5
503139,Alex,Scott,644,77,90,MID,MID,MID,1233655,5.0
503301,Omari,Giraud-Hutchinson,,274,,,MID,,1215652,
503714,Lesley,Ugochukwu,613,188,676,MID,MID,MID,1200631,5.0
503724,Lorenz,Assignon,805,,,DEF,,,1192406,
504198,Anis,Slimane,587,,,MID,,,1055316,
504598,Daniel,Gore,685,,,MID,,,1292838,
504783,Kamaldeen,Sulemana,,462,,,MID,,1130691,
505187,Cesare,Casadei,791,158,,MID,MID,,1339372,
507433,Hákon,Valdimarsson,789,109,105,GK,GK,GK,850962,4.0
508395,Yegor,Yarmoliuk,120,111,129,MID,MID,MID,1157236,5.0
508479,Filip,Jørgensen,,581,221,,GK,GK,1200984,4.5
509291,André,Trindade da Costa Neto,,642,643,,MID,MID,1174296,5.5
509416,Yasin,Ayari,124,600,166,MID,MID,MID,1168311,5.0
510281,Sávio 'Savinho',Moreira de Oliveira,,571,415,,MID,MID,1174337,7.0
510362,Toti António,Gomes,573,567,637,DEF,DEF,DEF,1013277,4.5
510363,Francisco Jorge,Tomás Oliveira,549,537,,MID,MID,,,
510500,João Pedro,Ferreira Silva,,596,518,,MID,MID,1114798,5.5
511499,Mathys,Tel,,768,584,,MID,MID,1288111,6.5
511783,Anass,Zaroury,184,,,MID,,,1069536,
512462,Jake,O'Brien,235,582,293,DEF,DEF,DEF,1098607,5.0
513046,Danilo,dos Santos de Oliveira,442,429,,MID,MID,,1181700,
513418,Kevin,Schade,115,106,120,MID,MID,MID,1083796,7.0
513433,Brajan,Gruda,,595,162,,MID,MID,1430151,5.5
513527,Bilal,El Khannouss,,635,,,MID,,1340895,
513588,Jamie,Donley,722,,,FWD,,,1211646,
514254,Diego,Gómez,,714,169,,MID,MID,1354561,5.0
514277,Jimi,Tauriainen,830,,,MID,,,1188035,
514280,Alfie,Gilchrist,716,170,,DEF,DEF,,1226756,
514356,Roméo,Lavia,667,174,244,MID,MID,MID,1190867,5.0
515024,Luke,Harris,683,246,334,MID,MID,MID,1199712,4.5
515597,Lamare,Bogarde,,598,44,,DEF,DEF,1190033,4.0
515621,Chadi,Riad Dnanou,,195,262,,DEF,DEF,,4.0
516895,Kobbie,Mainoo,388,378,458,MID,MID,MID,1292810,5.0
516939,Emmanuel,Agbadou,,720,631,,DEF,DEF,1114979,4.5
517052,Nicolas,Jackson,211,180,251,FWD,FWD,FWD,1197347,6.5
517179,Alfie,Pond,,664,641,,DEF,DEF,1284082,4.0
518438,Kaelan,Casey,774,643,611,DEF,DEF,DEF,1302814,4.0
518442,Lewis,Orford,773,701,622,MID,MID,MID,,4.5
518466,Willy,Kambwala,766,,,DEF,,,1344550,
519198,Alex,Matos,718,,,MID,,,1202031,
519321,Alfie,Dorrington,740,699,,DEF,DEF,,,
520295,David Datro,Fofana,200,164,,FWD,FWD,,1207581,
521966,Finley,Munroe,854,,,DEF,,,1331697,
523700,Daniel,Jebbison,483,69,,FWD,FWD,,1253827,
523957,Bénie,Traoré,593,,,FWD,,,1231770,
530121,Zain,Silcott-Duberry,,728,95,,MID,MID,1290411,4.5
531170,Nasser,Djiga,,769,,,DEF,,,
531363,Nathan,Fraser,704,546,658,FWD,FWD,FWD,1292835,4.5
531442,Abdul,Fatawu,,570,,,MID,,1265626,
531989,David,Ozoh,721,212,280,MID,MID,MID,1330872,4.5
532372,Oliver,Arblaster,823,,,MID,,,1344572,
532529,Jack,Hinshelwood,621,126,163,MID,MID,MID,1251334,5.5
532534,Will,Alves,,606,,,MID,,,
532605,Andrey,Nascimento dos Santos,186,150,246,MID,MID,MID,1372921,4.5
533463,Dango,Ouattara,78,74,83,MID,MID,MID,1250253,6.0
534392,Mason,Burstow,623,,,FWD,,,1293027,
535301,Carlos,Baleba,690,115,167,MID,MID,MID,1352713,5.0
535818,Simon,Adingra,122,113,543,MID,MID,MID,1227012,5.5
535928,Stefan,Bajcetic,292,312,393,MID,MID,MID,1310118,4.5
536109,Ollie,Scarles,784,677,608,DEF,DEF,DEF,1315319,4.5
536694,Matheus,França de Oliveira,615,208,279,MID,MID,MID,1316124,4.5
536908,Alejo,Véliz,641,507,,FWD,FWD,,1250658,
536916,Facundo,Buonanotte,125,117,168,MID,MID,MID,1336566,5.0
538207,William,Osula,490,590,500,FWD,FWD,FWD,1258092,5.5
538210,Andre,Brooks,655,,,MID,,,1396784,
543158,Valentín,Barco,816,116,,DEF,DEF,,1272440,
544877,Milos,Kerkez,595,70,371,DEF,DEF,DEF,1195281,6.0
545477,Alex,Murphy,634,390,481,DEF,DEF,DEF,1362341,4.0
547676,Tyler,Fredricson,,777,446,,DEF,DEF,1403351,4.0
547701,Archie,Gray,,489,591,,MID,MID,1323305,5.0
547716,Ben,Parkinson,739,,,FWD,,,1296765,
547719,Lewis,Miley,635,411,497,MID,MID,MID,1296763,4.5
549068,Omari,Kellyman,618,173,,MID,MID,,1315477,
549344,Sam,Curtis,828,,,DEF,,,1285838,
549640,Michael,Golding,,292,,,MID,,,
550596,Dominic,Sadi,811,723,94,MID,MID,MID,1301938,4.5
550615,Tyrique,George,851,696,243,FWD,MID,MID,1424875,5.0
550839,Wilson,Odobert,660,612,588,MID,MID,MID,1341387,5.5
550864,Leny,Yoro,,572,444,,DEF,DEF,1358581,4.5
551226,Mateus Gonçalo,Espanha Fernandes,,623,,,MID,,1356312,
551230,Renato,Palma Veiga,,184,,,MID,,1343750,
551232,Rodrigo,Duarte Ribeiro,809,,,FWD,,,1343749,
552425,Sydie,Peck,759,,,MID,,,1420818,
552427,Will,Lankshear,,609,598,,FWD,FWD,,4.5
554194,Jahmai,Simpson-Pusey,,672,,,DEF,,,
554605,Dean,Huijsen,,580,,,DEF,,1367619,
567119,Shumaira,Mheuka,,781,,,FWD,,,
569014,Eric,da Silva Moreira,,428,523,,MID,MID,,4.5
570241,Kim,Ji-soo,725,96,117,DEF,DEF,DEF,1341538,4.0
570526,Lucas,Bergvall,,481,586,,MID,MID,1386775,5.5
573062,Martial,Godo,,605,333,,MID,MID,,4.5
574402,Mark,O’Mahony,741,138,,FWD,FWD,,1435604,
575034,Ethan,Wheatley,850,648,468,FWD,FWD,FWD,1398915,4.5
575204,Claudio,Echeverri,,785,425,,MID,MID,,5.5
575476,Murillo,Santiago Costa dos Santos,696,436,506,DEF,DEF,DEF,1458711,5.5
575901,Julio,Soler,,713,80,,DEF,DEF,1358655,4.0
577016,Josh,Acheampong,838,697,233,DEF,DEF,DEF,1400216,4.0
577114,Luis Guilherme,Lira dos Santos,,526,619,,MID,MID,1458757,5.0
577725,Josh,King,810,604,335,MID,MID,MID,,4.5
577974,Harry,Amass,846,670,445,DEF,DEF,DEF,1430832,4.0
578153,Abdukodir,Khusanov,,732,406,,DEF,DEF,1362998,5.5
578545,Kosta,Nedeljković,,50,,,DEF,,,
579075,Asher,Agbinone,,646,274,,MID,MID,,4.5
585472,Ryan,Oné,730,,,MID,,,1390003,
589114,Zack,Nelson,734,,,MID,,,1411552,
589507,Leon,Chiwome,836,539,657,FWD,FWD,FWD,1396741,4.5
590012,Caleb,Kporha,,666,265,,DEF,DEF,,4.0
591357,Ryan,Trevitt,118,602,134,MID,MID,MID,,4.5
592031,Yankuba,Minteh,,135,160,,MID,MID,1400227,6.0
593001,Enso,González,698,547,652,MID,MID,MID,1458595,4.5
596047,Chido,Obi-Martin,,776,467,,FWD,FWD,1557220,4.5
596777,Patrick,Dorgu,,766,441,,DEF,DEF,1526560,4.5
597320,Harry,Howell,,795,,,MID,,,
606745,Ayden,Heaven,,658,447,,DEF,DEF,1559639,4.0
606774,Remy,Rees-Dottin,,707,,,FWD,,,
606775,Ben,Winterburn,,687,96,,MID,MID,1697214,4.5
606798,Andrés,García,,731,42,,DEF,DEF,1430406,4.0
606921,Romain,Esse,,730,269,,MID,MID,1428401,5.0
607464,Michael,Kayode,,757,110,,DEF,DEF,1429912,4.5
609640,Mathis,Amougou,,771,,,MID,,,
609873,Harrison,Armstrong,,603,305,,MID,MID,,4.5
611011,Joseph,Johnson,682,,,DEF,,,1437880,
616222,Vitor,de Oliveira Nunes dos Reis,,733,412,,DEF,DEF,,5.0
617054,Deivid Washington,de Souza Eugênio,677,165,,FWD,FWD,,1458868,
619146,Olabade,Aluko,,796,,,DEF,,,
620408,Joachim,Kayi-Sanda,,719,,,DEF,,,
626464,Gustavo,Nunes Fernandes Gomes,,634,127,,MID,MID,1516030,5.0
628204,Yunus Emre,Konak,864,97,131,MID,MID,MID,,4.5
630664,Jake,Evans,,797,,,MID,,,
641221,Pedro,Cardoso de Lima,,561,640,,DEF,DEF,1610952,4.0
647671,Mateus,Mané,,784,,,FWD,,,
649208,Jeremy,Monga,,792,,,MID,,,
